,question,doc_id_1,score_1,doc_id_2,score_2,doc_id_3,score_3,doc_id_4,score_4,doc_id_5,score_5
0,How do I get the Tesla app?,64d8db37-7c52-4c69-b73c-82218e97e890,0.4947195185104986,ff35c675-4b5c-47a7-a971-03069ea4dc50,0.4721464056805888,91a14675-0ea3-49cd-9573-083c311d3842,0.27455723671875665,5bf7081a-041c-471c-9fa7-2f83e9001d4e,0.2597045708997357,183279fc-7014-4fb3-9b20-9dfaaa2a3254,0.24193524118982546
1,When and how will I receive my license plate(s)?,c0cd02d9-fdb6-4090-ad0e-86ed9c17dca9,0.4696449882589659,aec95f8a-b31c-4f61-96d8-571b8c8412f2,0.3723447308452216,5a1ad5e1-fd5c-4db6-80f8-6db69f8c924a,0.30779797797590114,5bf7081a-041c-471c-9fa7-2f83e9001d4e,0.2886159244153333,64d8db37-7c52-4c69-b73c-82218e97e890,0.2182315649133869
2,Tesla doesn’t have a Service Center in my state. Can I still pick up my Tesla at a Service Center in a different state?,ff35c675-4b5c-47a7-a971-03069ea4dc50,0.5718647821361853,91a14675-0ea3-49cd-9573-083c311d3842,0.40827671840232643,5bf7081a-041c-471c-9fa7-2f83e9001d4e,0.36391559621698655,c0cd02d9-fdb6-4090-ad0e-86ed9c17dca9,0.20028215416966538,64d8db37-7c52-4c69-b73c-82218e97e890,0.08115247979869067
3,Can I make payments from more than one account?,64d8db37-7c52-4c69-b73c-82218e97e890,0.6097919904751232,f7a4ff16-cb97-4e3c-b3ce-d0a1a32fd8ad,0.34200536826000083,aec95f8a-b31c-4f61-96d8-571b8c8412f2,0.14293302743042727,c0cd02d9-fdb6-4090-ad0e-86ed9c17dca9,0.11688253471479197,5a1ad5e1-fd5c-4db6-80f8-6db69f8c924a,0.09310762062036701
4,How do I pick up my vehicle?,5bf7081a-041c-471c-9fa7-2f83e9001d4e,0.5805450482019374,aec95f8a-b31c-4f61-96d8-571b8c8412f2,0.15243429192868585,f7a4ff16-cb97-4e3c-b3ce-d0a1a32fd8ad,0.09376694499078062,1804bd54-f9b6-4606-a123-e3475c4845ce,0.0695261098868645,183279fc-7014-4fb3-9b20-9dfaaa2a3254,0.06769330872131528
5,What information do you need from me before delivery?,c0cd02d9-fdb6-4090-ad0e-86ed9c17dca9,0.7109595335797243,5a1ad5e1-fd5c-4db6-80f8-6db69f8c924a,0.19641373684101054,1804bd54-f9b6-4606-a123-e3475c4845ce,0.06108870227299086,91a14675-0ea3-49cd-9573-083c311d3842,0.057217940004937476,2d8514d4-67fd-4709-b35d-f0b73596f256,0.055897992439442955
6,Can I register my car to a business?,c27500a7-9773-4609-9f59-428db8ee7612,0.8849188093892862,f401cc25-fdf8-4f74-8446-a571e72ecd8b,0.1865793485922379,1804bd54-f9b6-4606-a123-e3475c4845ce,0.08285997205207436,183279fc-7014-4fb3-9b20-9dfaaa2a3254,0.0496668016986689,5bf7081a-041c-471c-9fa7-2f83e9001d4e,0.049199254108803
7,Do I need to have my insurance policy active for my Tesla before delivery?,91a14675-0ea3-49cd-9573-083c311d3842,0.9052546280774383,c0cd02d9-fdb6-4090-ad0e-86ed9c17dca9,0.12983076475519367,aec95f8a-b31c-4f61-96d8-571b8c8412f2,0.08101742366761171,2d8514d4-67fd-4709-b35d-f0b73596f256,0.0430381900025457,64d8db37-7c52-4c69-b73c-82218e97e890,0.03845871289499675
